,Review,Continent,Sentiment
0,"""Gladiator 2"" es una secuela que, aunque no alcanza la grandeza de su predecesora, ofrece una experiencia cinematográfica sólida. Las escenas de batalla son impresionantes, la cinematografía es excelente y la banda sonora vuelve a ser un punto fuerte. Paul Mescal, en el papel principal, demuestra un gran talento, aunque no logra igualar la intensidad de Russell Crowe. A pesar de ello, sigue siendo un gran espectáculo visual y un digno sucesor del clásico.",EEUU,NEU
1,"Como fanático de ""Gladiator"", esperaba mucho de esta secuela. Aunque tiene momentos épicos, la trama se siente un poco forzada. Hay secuencias bien logradas, pero el guion no tiene el mismo impacto emocional que la primera película. Paul Mescal ofrece una actuación convincente, pero no logra transmitir la misma carga emocional que Russell Crowe en la original. Es entretenida, pero no memorable.",EEUU,NEU
2,"Lamentablemente, ""Gladiator 2"" no está a la altura de su legado. Si bien la producción es impecable, el guion carece de profundidad y los personajes no generan la misma empatía que en la primera entrega. Denzel Washington destaca con su presencia imponente, pero su papel no está tan desarrollado como se esperaba. Se siente más como un intento de capitalizar la nostalgia que como una continuación necesaria.",EUROPE,NEG
3,"Una película visualmente impresionante con secuencias de acción que realmente te transportan a la antigua Roma. La dirección de Ridley Scott sigue siendo magistral y se nota el esmero en los detalles históricos. Pedro Pascal brilla con su interpretación, aportando una gran presencia en pantalla. Aunque la historia no logra el mismo impacto emocional que su predecesora, es un deleite para los amantes del cine épico.",EEUU,POS
4,"""Gladiator 2"" logra mantener el espíritu de la primera película con escenas de batalla bien coreografiadas y una banda sonora poderosa. No obstante, la falta de un personaje tan icónico como Máximo resta un poco de fuerza a la narrativa. Paul Mescal hace un gran trabajo, pero la sombra de Russell Crowe es demasiado grande. Aun así, es una película digna de verse en la pantalla grande.",EUROPE,POS
5,"Se siente como una secuela innecesaria. Aunque la cinematografía es espectacular y las escenas de acción están bien logradas, el guion es predecible y poco inspirado. Denzel Washington entrega una actuación sólida, pero su personaje no tiene suficiente desarrollo para ser realmente memorable. No logra emocionar como la original.",EEUU,NEU
6,"Entretenida, pero lejos de la original. ""Gladiator 2"" cumple con ofrecer acción y drama, pero carece de una historia realmente atrapante. Hay momentos de gran espectacularidad, pero también otros que se sienten demasiado forzados. Pedro Pascal es un gran acierto en el reparto, pero no logra salvar del todo el guion. Si bien no es una mala película, tampoco es una secuela memorable.",EEUU,NEU
7,"Me sorprendió gratamente ""Gladiator 2"". Aunque no esperaba que estuviera a la altura de la primera, logra construir su propia identidad y ofrece un espectáculo visual impresionante. Las batallas son emocionantes y la historia, aunque diferente, es lo suficientemente atractiva para mantener el interés. Paul Mescal demuestra ser un protagonista fuerte, con una interpretación llena de energía y determinación.",EEUU,NEU
8,"Aunque tiene buenas escenas de acción y una banda sonora impresionante, la historia de ""Gladiator 2"" no logra cautivar de la misma manera que la primera. Es un buen intento de continuación, pero le falta profundidad en los personajes. Denzel Washington y Pedro Pascal hacen un buen trabajo, pero sus personajes no están bien desarrollados.",EEUU,NEU
9,"Un intento fallido de revivir una historia que ya tenía un cierre perfecto. La película se siente innecesaria y aunque los efectos visuales son de primer nivel, el guion es flojo y los nuevos personajes no generan el mismo impacto que en la original. A pesar de contar con actores talentosos como Paul Mescal y Denzel Washington, el desarrollo de sus personajes es superficial y poco convincente.",EUROPE,NEG
10,"""Gladiator 2"" nos devuelve a la Roma imperial con una producción impecable y un elenco estelar. Paul Mescal logra una actuación convincente, aunque la sombra de Russell Crowe es inevitable. Denzel Washington aporta profundidad a su personaje y Pedro Pascal es un villano que roba cada escena en la que aparece. A pesar de algunos altibajos en el guion, la película es un espectáculo digno de verse.",EUROPE,POS
11,"Si bien ""Gladiator 2"" es visualmente impresionante, la historia no logra enganchar de la misma manera que la primera. Paul Mescal hace un buen trabajo, pero su personaje carece de la intensidad de Máximo. Pedro Pascal y Denzel Washington brillan en sus papeles, pero no logran salvar una narrativa que se siente floja y predecible.",EUROPE,NEU
12,"Una película que impresiona visualmente y mantiene el estándar de calidad que se espera de Ridley Scott. Las secuencias de acción son emocionantes y el diseño de producción es exquisito. Paul Mescal y Pedro Pascal ofrecen actuaciones sobresalientes, aunque la trama no alcanza el mismo nivel de profundidad emocional que su predecesora. A pesar de todo, es un deleite visual y una experiencia épica.",EEUU,POS
13,"Aunque la película tiene momentos impactantes, ""Gladiator 2"" no logra capturar el espíritu de la original. Las actuaciones son sólidas, pero los personajes no son tan memorables. Se nota el esfuerzo en la dirección y producción, pero el guion deja mucho que desear. Es entretenida, pero no trascendental.",EEUU,NEU
14,"¡Simplemente espectacular! Desde el inicio hasta el final, ""Gladiator 2"" mantiene al espectador al borde de su asiento. La dirección de Ridley Scott es impecable, y el elenco liderado por Paul Mescal está a la altura del desafío. La música y la cinematografía son simplemente impresionantes. Una digna continuación que no decepciona.",EUROPE,POS
15,"Me dejó con sentimientos encontrados. Aunque las escenas de acción son impresionantes, el guion no tiene la fuerza suficiente para sostener la narrativa. Paul Mescal lo intenta, pero su personaje no logra generar el mismo impacto que Máximo. La película se queda corta en comparación con la primera entrega.",EUROPE,NEU
16,"""Gladiator 2"" logra transportar al espectador de vuelta al mundo de la Roma imperial con gran maestría. Aunque no es perfecta, es una secuela digna con un diseño de producción impecable y actuaciones destacadas. Denzel Washington y Pedro Pascal añaden profundidad a la historia, haciendo que valga la pena verla en la pantalla grande.",EUROPE,POS
17,"Una película con altibajos. Aunque las escenas de acción y la banda sonora son impresionantes, la trama no logra sostener el interés de principio a fin. Paul Mescal hace un buen trabajo, pero no logra llenar los zapatos de Russell Crowe. Es una secuela entretenida, pero lejos de ser memorable.",EUROPE,NEU
18,"Una secuela que sorprende gratamente. Las escenas de acción están magistralmente coreografiadas, y la narrativa, aunque sencilla, es efectiva. Pedro Pascal destaca con una actuación carismática que roba la pantalla. Aunque no está a la altura de la primera película, ""Gladiator 2"" es una experiencia cinematográfica que vale la pena disfrutar.",EUROPE,POS
19,"A pesar de contar con un elenco talentoso, la película no logra capturar la magia de la original. Las actuaciones son sólidas, pero el guion es predecible y carece de emoción. Aunque visualmente es impresionante, no logra resonar a nivel emocional como ""Gladiator"". Una oportunidad desaprovechada.",EEUU,NEG
20,"Una obra digna de verse. Ridley Scott nos transporta de nuevo a un mundo épico, y aunque no alcanza la perfección de la primera película, ""Gladiator 2"" entrega actuaciones convincentes y momentos memorables. Paul Mescal brilla en un papel desafiante y Pedro Pascal ofrece un villano con carisma innegable. Las batallas son espectaculares y el diseño de producción es impecable.",EUROPE,POS
21,"""Gladiator 2"" es entretenida pero le falta profundidad. Las escenas de acción y la banda sonora son impresionantes, pero el desarrollo de personajes deja que desear. Pedro Pascal y Denzel Washington hacen un buen trabajo, aunque sus papeles no están tan elaborados como podrían haber estado. No es mala, pero tampoco inolvidable.",EUROPE,NEU
22,"Una decepción en muchos aspectos. El guion carece de originalidad y la historia parece más un intento de nostalgia que una secuela necesaria. Aunque el elenco es talentoso, no logran salvar una narrativa que se siente vacía y predecible. Visualmente impresionante, pero sin alma.",EUROPE,NEG
23,"""Gladiator 2"" logra un equilibrio entre la acción espectacular y una narrativa bien ejecutada. La actuación de Paul Mescal es conmovedora, aportando una energía fresca a la saga. Las batallas están magistralmente filmadas, y la música de Hans Zimmer sigue siendo el alma de la película. Un triunfo cinematográfico.",EUROPE,POS
24,"La película tiene momentos buenos, pero en general carece de la intensidad emocional de la primera. Las actuaciones son sólidas, especialmente la de Pedro Pascal, pero el guion no termina de convencer. Es entretenida, pero no memorable.",EUROPE,NEU
25,"Aunque visualmente es impresionante, la película no logra capturar la esencia de la original. El guion es flojo y los personajes no son tan interesantes. Paul Mescal lo intenta, pero no logra destacarse. Una secuela que no era necesaria.",EEUU,NEU
26,"A pesar de las altas expectativas, ""Gladiator 2"" se sostiene como una película sólida y emocionante. Las escenas de acción son memorables, y la dirección de Ridley Scott sigue siendo impecable. Paul Mescal y Pedro Pascal brillan en sus respectivos papeles. Una experiencia épica para los fanáticos del cine histórico.",EEUU,POS
27,"Es una película que cumple, pero no destaca. Hay escenas impresionantes y actuaciones decentes, pero el guion no logra capturar la magia de la original. Pedro Pascal es una gran adición al elenco, pero no logra salvar por completo la película.",EUROPE,NEU
28,"¡Increíble! ""Gladiator 2"" me sorprendió con su narrativa cautivadora y escenas épicas. Paul Mescal entrega una actuación apasionante, y la química entre el elenco es palpable. Las batallas están magistralmente filmadas, y la música es simplemente espectacular. Una secuela que vale la pena.",EEUU,POS
29,"""Gladiator 2"" es visualmente impresionante, pero la historia no tiene la misma fuerza que la primera. Las actuaciones son buenas, pero los personajes no generan el mismo impacto emocional. A pesar de sus defectos, ofrece entretenimiento sólido.",EUROPE,NEU
30,"Una película que intenta revivir la gloria del pasado, pero se queda corta. Aunque las escenas de acción son impresionantes, el guion es predecible y los personajes no logran generar empatía. Una decepción considerando el legado de la original.",EUROPE,NEG
31,"""Gladiator 2"" es una experiencia emocionante que logra mantener el espíritu de la primera película. Las actuaciones son destacadas, especialmente las de Paul Mescal y Pedro Pascal. Aunque la trama tiene algunos altibajos, es una película digna de ver en la pantalla grande.",EUROPE,POS
32,"Entretenida, pero lejos de ser memorable. La película tiene momentos brillantes, pero el guion no logra sostener la narrativa. Las actuaciones son buenas, pero no suficientes para salvar sus deficiencias.",EUROPE,NEU
33,"Un espectáculo visual que cumple con las expectativas. ""Gladiator 2"" ofrece acción emocionante y actuaciones sólidas. Aunque no está a la altura de la original, es una secuela digna que merece ser vista.",EUROPE,POS
34,"""Gladiator 2"" no logra capturar la esencia de la primera. Las actuaciones son decentes, pero la historia carece de profundidad. Una película visualmente atractiva, pero que no deja huella.",EEUU,NEU
35,"Una secuela que sorprende. Aunque no tiene la misma fuerza emocional que la original, ""Gladiator 2"" ofrece una experiencia emocionante con actuaciones destacadas y una dirección impecable.",EEUU,POS
36,"Es entretenida, pero no memorable. Las escenas de acción y la música son impresionantes, pero la historia no logra capturar el corazón del espectador como lo hizo la original.",EEUU,NEU
37,"¡Impresionante! ""Gladiator 2"" es una obra épica que ofrece acción, drama y actuaciones memorables. Paul Mescal y Pedro Pascal están excepcionales en sus papeles. Una digna sucesora de la original.",EUROPE,POS
38,"Lamentablemente, ""Gladiator 2"" no está a la altura de su predecesora. Aunque tiene momentos emocionantes, la trama carece de profundidad y los personajes no generan empatía.",EEUU,NEG
39,Una película que logra emocionar y entretener. Las actuaciones son sólidas y las escenas de acción son espectaculares. Una secuela digna que captura parte de la magia de la original.,EUROPE,POS
